_id,cpf,idade,nome
8bca8574-4b6a-4fe3-a834-9cd323c8dc55,23123123123,30,Matheus
92fc6bc8-1569-4997-87e8-c87479c6ecfd,98765432111,21,Mury
134ea8bc-e21b-4144-8d56-19203fcea31d,12312312312,14,Rafael
8bca8574-4b6a-4fe3-a834-9cd323c8dc55,23123123123,30,Carmem
92fc6bc8-1569-4997-87e8-c87479c6ecfd,98765432111,21,Geny
134ea8bc-e21b-4144-8d56-19203fcea31d,12312312312,14,Zeca
8bca8574-4b6a-4fe3-a834-9cd323c8dc55,23123123123,30,Joao
92fc6bc8-1569-4997-87e8-c87479c6ecfd,98765432111,21,Maria
134ea8bc-e21b-4144-8d56-19203fcea31d,12312312312,14,Pedro
8bca8574-4b6a-4fe3-a834-9cd323c8dc55,23123123123,30,Isadora
92fc6bc8-1569-4997-87e8-c87479c6ecfd,98765432111,21,Sta
134ea8bc-e21b-4144-8d56-19203fcea31d,12312312312,14,Danilo